model,config,status,threads,warmup,reps,batch,export_s,import_s,load_s,compile_s,warmup_s,latency_median_ms,latency_p10_ms,latency_p90_ms,latency_mean_ms,throughput_sps,peak_rss_mb,max_abs_err,agree,notes
mlp,torch_eager,ok,4,3,10,64,,1.24152,0.00172642,0.012315,0.00981578,0.144802,0.132539,0.161726,0.147475,441983,732.801,7.71135e-07,yes,
mlp,torch_compile,ok,4,3,10,64,,1.28986,0.00164137,3.33888,0.000803661,0.183281,0.154227,0.202506,0.181588,349191,1001.28,7.71135e-07,yes,
mlp,torch_onnx_ort,ok,4,3,10,64,0.078513,0.0275082,0.00160958,0.0152792,0.000799742,0.217928,0.204948,0.663688,0.630108,293675,73.2852,7.15256e-07,yes,
mlp,tf_eager,ok,4,3,10,64,,1.88348,0.00175715,0.0631292,0.00165946,0.534495,0.476092,0.606227,0.544897,119739,615.793,8.27014e-07,yes,
mlp,tf_function,ok,4,3,10,64,,1.87062,0.00181372,0.127464,0.00338524,0.832397,0.744185,1.00394,0.861401,76886.4,619.574,8.27014e-07,yes,
mlp,tf_xla,ok,4,3,10,64,,1.89932,0.00174579,0.178888,0.00337924,0.833557,0.755282,0.907618,0.825883,76779.4,660.133,7.45058e-07,yes,
mlp,tf_onnx_ort,ok,4,3,10,64,0.444725,0.0274067,0.00189406,0.011375,0.000345591,0.099441,0.0931352,0.119836,0.10468,643598,73.0352,7.15256e-07,yes,
mlp,camel_native,skipped,4,3,10,64,,,,,,,,,,,,,,benchmarks/mlp/model.cml does not exist yet
mlp,camel_onnx_ort,skipped,4,3,10,64,,,,,,,,,,,,,,benchmarks/artifacts/mlp/camel.onnx does not exist yet (Camel ONNX export)
lenet,torch_eager,ok,4,3,10,64,,1.27634,0.0018522,0.0132509,0.0130109,2.99083,2.06277,3.99668,2.95599,21398.8,754.516,7.15256e-07,yes,
lenet,torch_compile,ok,4,3,10,64,,1.61719,0.00179789,3.614,0.0121295,1.25168,1.11748,4.15289,1.92966,51131.1,1000.93,7.15256e-07,yes,
lenet,torch_onnx_ort,ok,4,3,10,64,0.087019,0.0295024,0.00150558,0.0164644,0.00755272,0.68245,0.417695,4.42235,1.38287,93779.7,80.4336,5.06639e-07,yes,
lenet,tf_eager,ok,4,3,10,64,,1.85842,0.00206774,0.106412,0.0137056,4.28544,3.79979,7.57667,5.2259,14934.3,618.641,6.42613e-07,yes,
lenet,tf_function,ok,4,3,10,64,,1.96119,0.00183877,0.362536,0.00701475,1.84824,1.62664,2.00763,1.81455,34627.5,621.793,6.42613e-07,yes,
lenet,tf_xla,ok,4,3,10,64,,2.0551,0.00237016,0.560218,0.013476,3.67067,3.27873,4.55829,3.79927,17435.5,711.902,8.34465e-07,yes,
lenet,tf_onnx_ort,ok,4,3,10,64,0.571089,0.0274055,0.0015716,0.0192437,0.0156837,0.673126,0.648985,1.14074,1.08622,95078.8,80.4648,5.06639e-07,yes,
lenet,camel_native,skipped,4,3,10,64,,,,,,,,,,,,,,benchmarks/lenet/model.cml does not exist yet
lenet,camel_onnx_ort,skipped,4,3,10,64,,,,,,,,,,,,,,benchmarks/artifacts/lenet/camel.onnx does not exist yet (Camel ONNX export)
gru,torch_eager,ok,4,3,10,32,,1.24316,0.0018356,0.00621286,0.00732405,6.51552,2.07288,16.7041,8.90908,4911.35,741.156,4.17233e-07,yes,
gru,torch_compile,ok,4,3,10,32,,1.31833,0.00294372,3.54363,0.00408602,1.40958,1.28939,5.85018,2.40486,22701.8,1001.95,5.36442e-07,yes,
gru,torch_onnx_ort,ok,4,3,10,32,0.215319,0.033542,0.00266259,0.0382243,0.00450494,1.10928,1.01212,1.34172,1.17052,28847.6,73.2656,4.17233e-07,yes,
gru,torch_nn_gru,ok,4,3,10,32,,1.38929,0.00210924,0.0522631,0.00446898,1.36564,1.11661,4.50551,2.14202,23432.3,741.5,4.76837e-07,yes,
gru,tf_eager,ok,4,3,10,32,,1.9664,0.00185558,0.101852,0.0536297,15.6405,14.7845,16.3575,15.625,2045.98,614.707,3.12924e-07,yes,
gru,tf_function,ok,4,3,10,32,,1.82599,0.00292965,0.537575,0.00719699,1.78487,1.69065,2.32752,1.92605,17928.5,625.883,4.17233e-07,yes,
gru,tf_xla,ok,4,3,10,32,,1.92215,0.0017552,1.13129,0.00597859,1.78338,1.70021,3.52081,2.27182,17943.5,688.449,2.83122e-07,yes,
gru,tf_onnx_ort,ok,4,3,10,32,1.50068,0.0282763,0.0019685,0.0361238,0.00618479,1.08936,0.952374,6.80941,2.50562,29375.1,72.5977,3.8743e-07,yes,
gru,camel_native,skipped,4,3,10,32,,,,,,,,,,,,,,benchmarks/gru/model.cml does not exist yet
gru,camel_onnx_ort,skipped,4,3,10,32,,,,,,,,,,,,,,benchmarks/artifacts/gru/camel.onnx does not exist yet (Camel ONNX export)
transformer,torch_eager,ok,4,3,10,8,,1.29915,0.00244366,0.0133345,0.00664036,2.32826,2.159,8.84525,5.07878,3436.05,743.531,1.66893e-06,yes,
transformer,torch_compile,ok,4,3,10,8,,1.26992,0.00239609,5.39496,0.00423613,1.13537,1.06938,1.24764,1.15733,7046.13,1021.14,1.43051e-06,yes,
transformer,torch_onnx_ort,ok,4,3,10,8,0.155299,0.0276276,0.00244165,0.0305885,0.0182295,1.33595,1.17436,6.59527,2.38409,5988.26,79.5234,1.69873e-06,yes,
transformer,tf_eager,ok,4,3,10,8,,2.05293,0.00238712,0.0853802,0.0434724,12.7631,10.8784,15.7124,13.0827,626.805,616.727,2.86102e-06,yes,
transformer,tf_function,ok,4,3,10,8,,1.93023,0.00265963,0.337455,0.0134756,3.95388,3.57898,4.33339,3.9516,2023.33,618.199,2.6226e-06,yes,
transformer,tf_xla,ok,4,3,10,8,,1.93826,0.00241535,0.540847,0.00949123,2.49849,2.17342,3.63013,2.74835,3201.94,683.93,2.6226e-06,yes,
transformer,tf_onnx_ort,ok,4,3,10,8,0.6943,0.031541,0.00321456,0.0210747,0.0079031,1.73065,1.40779,3.97504,2.57161,4622.53,81.2227,1.66893e-06,yes,
transformer,camel_native,skipped,4,3,10,8,,,,,,,,,,,,,,benchmarks/transformer/model.cml does not exist yet
transformer,camel_onnx_ort,skipped,4,3,10,8,,,,,,,,,,,,,,benchmarks/artifacts/transformer/camel.onnx does not exist yet (Camel ONNX export)
